;Time;Thrust;Pressure1;Pressure2;Weight;Current;Voltage;Battery12V;Battery24V
0;0.0;21947;-1452;-1452;-445;-0.00037501144444105353;0.0;2.2313180944242683;3.658236640522477
