;Czas;Waga
0;5.745887756347656e-05;0.502868860189537
1;0.1027688980102539;0.5955072270337025
2;0.20538854598999023;0.823713935601037
3;0.30828022956848145;0.8259734079630898
4;0.4112076759338379;0.8440491868595124
5;0.5140712261199951;0.8304923526871955
6;0.6168653964996338;0.8056381567046145
7;0.7197027206420898;0.5051283325515898
8;0.8225533962249756;0.5683935586890687
9;0.9253535270690918;0.8214544632389842
10;1.0278775691986084;0.823713935601037
11;1.130791425704956;0.8463086592215652
12;1.2336442470550537;0.8259734079630898
13;1.336491584777832;0.8056381567046145
14;1.4393622875213623;0.5051283325515898
15;1.5419318675994873;0.5119067496377483
16;1.6448402404785156;0.823713935601037
17;1.7476415634155273;0.823713935601037
18;1.8506054878234863;0.8417897144974595
19;1.9537169933319092;0.8282328803251426
20;2.056321144104004;0.8056381567046145
21;2.1594960689544678;0.5119067496377483
22;2.262378454208374;0.6203614230162835
23;2.3652498722076416;0.8214544632389842
24;2.468057155609131;0.8327518250492483
25;2.5708744525909424;0.8440491868595124
26;2.6736955642700195;0.8214544632389842
27;2.776531457901001;0.8033786843425617
