;Time;Thrust;Pressure1;Pressure2;Weight;Current;Voltage;Battery12V;Battery24V
0;0.0;22064;2;1;-326;-0.00018750572222052677;-0.00018750572222052677;2.2260679342020935;3.6567365947447126
