;Time;Thrust;Pressure1;Pressure2;Weight;Current;Voltage;Battery12V;Battery24V
0;0.0;22270;-1452;-1452;22270;-0.00018750572222052677;3.5931721549119544;2.0936888943144014;3.589234534745323
