;Time;Thrust;Pressure1;Pressure2;Weight;Current;Voltage;Battery12V;Battery24V
0;0.0;28359;0;-1075;-419;-0.00037501144444105353;-0.00037501144444105353;2.1445029450361646;3.5391705069124426
