;Wartoscmierzona;PomiarV;PomiarInt
0;0;-0.052876613666188545;-269
1;0;-0.05137656788842433;-288
2;0;-0.06787707144383069;-358
3;0;-0.06750205999938963;-277
4;0;-0.05062654499954222;-280
5;0;-0.06056434827723014;-361
6;0;-0.06675203711050752;-342
7;0;-0.05250160222174749;-269
8;0;-0.05306411938840907;-291
9;0;-0.0693771172215949;-358
10;0;-0.06712704855494858;-361
11;0;-0.052126590777306435;-274
12;0;-0.052689107943968014;-284
13;0;-0.07050215155491807;-357
14;0;-0.06693954283272804;-298
15;0;-0.05137656788842433;-271
16;0;-0.05175157933286539;-272
17;0;-0.06225189977721488;-359
18;0;-0.06768956572161015;-359
19;0;-0.06112686544389172;-284
20;5.794;0.3335726798303171;2313
21;5.794;0.4338882412182989;2308
22;5.794;0.43070064394054997;1694
23;5.794;0.3204472792748802;1707
24;5.794;0.3866367992187262;2318
25;5.794;0.43426325266273996;2311
26;5.794;0.36919876705221716;1711
27;5.794;0.3208222907193213;1711
28;5.794;0.43426325266273996;2330
29;5.794;0.43351322977385787;2307
30;5.794;0.33057258827478864;1710
31;5.794;0.3213848078859829;1713
32;5.794;0.4338882412182989;2326
33;5.794;0.43651332132938625;2313
34;5.794;0.4331382183294168;1946
35;5.794;0.32063478499710074;1712
36;5.794;0.3204472792748802;2260
37;5.794;0.4352007812738426;2322
38;5.794;0.43370073549607835;2305
39;5.794;0.318947233497116;1710
