;Time;Thrust;Pressure1;Pressure2;Weight;Current;Voltage;Battery12V;Battery24V
0;0.0;926;-2;1;-363;-0.00018750572222052677;-0.00018750572222052677;2.0271243629261146;3.5320452894680625
