;Time;Thrust;Pressure1;Pressure2;Weight;Current;Voltage;Battery12V;Battery24V
0;0.0;1913;1;2;1830;0.0;0.06056434827723014;2.1790039979247413;3.1778469801934874
