;Time;Thrust;Pressure1;Pressure2;Weight;Current;Voltage;Battery12V;Battery24V
0;0.0;-645;-323;-323;-445;-0.00018750572222052677;-0.00037501144444105353;2.1981295815912354;3.6029224524674217
1;0.1;-645;-323;-323;-645;-0.00018750572222052677;-0.00018750572222052677;2.1992546159245583;3.613610278633992
2;0.2;-645;-323;-323;-645;-0.00018750572222052677;-0.00018750572222052677;2.2001921445356607;3.6106101870784633
3;0.3;28725;-1291;-1130;-645;-0.00018750572222052677;0.0;2.203004730368969;3.611735221411786
