;Time;Thrust;Pressure1;Pressure2;Weight;Current;Voltage;Battery12V;Battery24V
0;0.0;28332;1;-1264;-389;-0.00018750572222052677;-0.00037501144444105353;2.147503036591693;3.5438581499679556
