;Time;Thrust;Pressure1;Pressure2;Weight;Current;Voltage;Battery12V;Battery24V
0;0.0;-42;-10;2;-350;-0.00037501144444105353;0.0;2.295257545701468;3.715988402966399
1;0.1;19;1;2;-81;3.725926206244087;-0.00018750572222052677;2.2879448225348673;3.708863185522019
2;0.2;42;-2;1;-305;0.0;-0.00018750572222052677;2.2881323282570882;3.71280080568865
3;0.3;225;0;1;-399;0.0;-0.00018750572222052677;2.294882534257027;3.711300759910886
4;0.5;51;0;0;256;-0.00018750572222052677;0.0;2.287757316812647;3.7114882656331063
5;0.6;121;-8;3;-308;0.0;-0.00018750572222052677;2.2920699484237193;3.715238380077517
6;0.7;-7;1;0;-282;-0.00018750572222052677;-0.00018750572222052677;2.2890698568681906;3.7075506454664757
7;0.8;135;2;-3;-446;-0.00018750572222052677;-0.00018750572222052677;2.2930074770348217;3.7122382885219887
8;0.9;399;-8;1;-325;-0.00018750572222052677;-0.00018750572222052677;2.2965700857570117;3.7154258857997378
