;Time;Thrust;Pressure1;Pressure2;Weight;Current;Voltage;Battery12V;Battery24V
0;0.0;2307;2;-23;2290;0.0;0.12112869655446028;0.12112869655446028;2.3908854640339365
