;Time;Thrust;Pressure1;Pressure2;Weight;Current;Voltage;Battery12V;Battery24V
0;0.0;-645;-323;-323;-645;-0.00018750572222052677;-0.00018750572222052677;2.181629078035829;3.5837968688009276
1;0.1;24368;-323;-323;-645;-0.00037501144444105353;-0.00018750572222052677;2.1868792382580033;3.5807967772453995
