;Time;Thrust;Pressure1;Pressure2;Weight;Current;Voltage;Battery12V;Battery24V
0;0.0;-445;-1253;-1267;-400;-0.0005625171666615803;-0.00018750572222052677;2.145065462202826;3.5447956785790584
1;0.1;25841;3;-1268;-407;-0.00037501144444105353;-0.00018750572222052677;2.1469405194250313;3.5461082186346022
