;Time;Thrust;Pressure1;Pressure2;Weight;Current;Voltage;Battery12V;Battery24V
0;0.0;-645;-323;-323;-645;-0.00037501144444105353;-0.00018750572222052677;2.2005671559801017;3.610235175634022
1;0.1;-645;-323;-323;-645;-0.00037501144444105353;0.0;2.2018796960356455;3.6115477156895657
2;0.2;28725;-1291;-1452;-645;-0.00018750572222052677;-0.00018750572222052677;2.200379650257881;3.6096726584673604
