;Wartoscmierzona;PomiarV;PomiarInt
0;1;0.05456416516617328;300
1;1;0.05737675099948119;317
2;1;0.06112686544389172;315
3;1;0.0588767967772454;312
4;1;0.05812677388836329;310
5;1;0.05868929105502488;300
6;1;0.05531418805505539;306
7;1;0.0588767967772454;326
8;1;0.060189336832789084;317
9;1;0.05906430249946593;317
10;1;0.05868929105502488;315
11;1;0.05850178533280435;312
12;1;0.059814325388348036;330
13;1;0.06225189977721488;325
14;1;0.06000183111056856;323
15;1;0.060939359721671194;323
16;1;0.060376842555009615;312
17;1;0.05850178533280435;319
18;1;0.06000183111056856;331
19;1;0.06318942838831752;322
20;2;-0.06693954283272804;-355
21;2;-0.06675203711050752;-368
22;2;-0.06918961149937437;-360
23;2;-0.06543949705496382;-343
24;2;-0.06431446272164067;-356
25;2;-0.06693954283272804;-354
26;2;-0.06712704855494858;-355
27;2;-0.06693954283272804;-354
28;2;-0.0645019684438612;-344
29;2;-0.06637702566606647;-352
30;2;-0.06637702566606647;-358
31;2;-0.06637702566606647;-372
32;2;-0.06712704855494858;-358
33;2;-0.06525199133274331;-337
34;2;-0.06562700277718436;-354
35;2;-0.06675203711050752;-355
36;2;-0.06693954283272804;-354
37;2;-0.0693771172215949;-370
38;2;-0.0673145542771691;-357
39;2;-0.06487697988830225;-342
40;3;-0.08662764366588337;-464
41;3;-0.08719016083254494;-469
42;3;-0.08775267799920652;-470
43;3;-0.09169029816583758;-479
44;3;-0.087565172276986;-461
45;3;-0.08437757499923704;-464
46;3;-0.08812768944364757;-463
47;3;-0.08737766655476548;-467
48;3;-0.08812768944364757;-486
49;3;-0.09056526383251443;-452
50;3;-0.08400256355479599;-457
51;3;-0.08606512649922178;-459
52;3;-0.08700265511032441;-458
53;3;-0.0883151951658681;-465
54;3;-0.08550260933256021;-442
55;3;-0.08175249488814966;-450
56;3;-0.08494009216589862;-447
57;3;-0.08494009216589862;-453
58;3;-0.08587762077700126;-467
59;3;-0.08737766655476548;-463
