;Time;Thrust;Pressure1;Pressure2;Weight;Current;Voltage;Battery12V;Battery24V
0;0.0;-645;-323;-323;-28174;-0.00018750572222052677;-0.00018750572222052677;2.1932544328135015;3.6049850154118475
1;0.1;-645;-323;-323;-645;-0.00018750572222052677;0.0;2.1913793755912963;3.6046100039674065
2;0.2;27918;-1452;-323;-645;-0.00018750572222052677;0.0;2.1953169957579273;3.601234900967437
