;Time;Thrust;Pressure1;Pressure2;Weight;Current;Voltage;Battery12V;Battery24V
0;0.0;21947;-1452;-1452;-445;-0.00018750572222052677;-0.00018750572222052677;2.229443037202063;3.656549089022492
