;Time;Thrust;Pressure1;Pressure2;Weight;Current;Voltage;Battery12V;Battery24V
0;0.0;1943;2;2;1875;0.0;0.06056434827723014;2.2395683462019718;3.3291640980254527
