;Time;Thrust;Pressure1;Pressure2;Weight;Current;Voltage;Battery12V;Battery24V
0;0.0;-449;-155;6;-322;-0.00018750572222052677;0.0;2.1416903592028564;3.5427331156346327
1;0.1;-449;-1233;-1255;-385;-0.00018750572222052677;-0.00018750572222052677;2.144690450758385;3.5408580584124274
2;0.2;-448;-1230;-1256;-361;-0.00018750572222052677;-0.00018750572222052677;2.145065462202826;3.538795495468001
3;0.3;27669;3;1;-380;0.0;0.0;2.1458154850917084;3.5412330698568684
