;Time;Thrust;Pressure1;Pressure2;Weight;Current;Voltage;Battery12V;Battery24V
0;0.0;-645;-323;-323;-445;2.2069423505356;0.0;2.2037547532578508;3.6151103244117557
1;0.1;-323;-323;-323;-645;-0.00018750572222052677;-0.00018750572222052677;2.204129764702292;3.6147353129673148
2;0.2;25013;-323;-323;-645;-0.00018750572222052677;-0.00018750572222052677;2.2031922360911893;3.6147353129673148
