;Time;Thrust;Pressure1;Pressure2;Weight;Current;Voltage;Battery12V;Battery24V
0;0.0;21624;-1452;-1452;-445;-0.00037501144444105353;-0.00018750572222052677;2.233568163090915;3.657861629078036
